model,net_ann_ret,net_ann_vol,net_sharpe,bh_ann_ret,bh_ann_vol,bh_sharpe,turnover_legs_per_day,pct_long,pct_short,pct_flat
ARXGARCH_FixedFWD_Resid,0.835880862469136,0.3271626547840218,2.5549397226310786,-0.10064291067859839,0.42121072895555045,-0.23893719641984484,0.7627118644067796,0.4745762711864407,0.1694915254237288,0.35593220338983045
Ridge_FixedFWD_Resid,0.4396516720214656,0.41888517027398753,1.0495756432100352,-0.10064291067859839,0.42121072895555045,-0.23893719641984484,0.788135593220339,0.7372881355932204,0.2627118644067797,0.0
Lasso_FixedFWD_Resid,0.2510924287405653,0.42095924941698787,0.5964768064564884,-0.10064291067859839,0.42121072895555045,-0.23893719641984484,0.211864406779661,0.9491525423728814,0.05084745762711865,0.0
ENet_FixedFWD_Resid,0.13773614597527672,0.4211687191517381,0.3270331810317882,-0.10064291067859839,0.42121072895555045,-0.23893719641984484,0.2457627118644068,0.940677966101695,0.059322033898305086,0.0
XGB_FixedFWD_ResidStyle,-0.07130424470972438,0.42123469460416546,-0.16927438699399874,-0.10064291067859839,0.42121072895555045,-0.23893719641984484,0.11016949152542373,0.9745762711864406,0.025423728813559324,4.163336342344337e-17
LGBM_FixedFWD_ResidStyle,-0.10064291067859839,0.42121072895555045,-0.23893719641984484,-0.10064291067859839,0.42121072895555045,-0.23893719641984484,0.00847457627118644,1.0,0.0,0.0
