model,net_ann_ret,net_ann_vol,net_sharpe,bh_ann_ret,bh_ann_vol,bh_sharpe,turnover_legs_per_day,pct_long,pct_short,pct_flat
ARXGARCH_FixedFWD_Resid,0.27413074720066505,0.220174370344282,1.2450620241221202,-0.10064291067859839,0.42121072895555045,-0.23893719641984484,0.6440677966101694,0.3474576271186441,0.059322033898305086,0.5932203389830509
Ridge_FixedFWD_Resid,0.5009590669137326,0.4186095975067651,1.1967214079596842,-0.10064291067859839,0.42121072895555045,-0.23893719641984484,0.7203389830508474,0.788135593220339,0.211864406779661,0.0
Lasso_FixedFWD_Resid,0.2510924287405653,0.42095924941698787,0.5964768064564884,-0.10064291067859839,0.42121072895555045,-0.23893719641984484,0.211864406779661,0.9491525423728814,0.05084745762711865,0.0
XGB_FixedFWD_ResidStyle,0.1871163978849634,0.42109249574145513,0.44435937419281446,-0.10064291067859839,0.42121072895555045,-0.23893719641984484,0.11016949152542373,0.9661016949152542,0.03389830508474576,2.0816681711721685e-17
ENet_FixedFWD_Resid,0.1494127100361871,0.4211527882678745,0.3547707962487786,-0.10064291067859839,0.42121072895555045,-0.23893719641984484,0.2288135593220339,0.940677966101695,0.059322033898305086,0.0
LGBM_FixedFWD_ResidStyle,-0.10064291067859839,0.42121072895555045,-0.23893719641984484,-0.10064291067859839,0.42121072895555045,-0.23893719641984484,0.00847457627118644,1.0,0.0,0.0
