model,net_ann_ret,net_ann_vol,net_sharpe,bh_ann_ret,bh_ann_vol,bh_sharpe,turnover_legs_per_day,pct_long,pct_short,pct_flat
ARXGARCH_FixedFWD_Resid,0.5491555230983608,0.21578532908106438,2.5449159376912913,-0.054494222409164676,0.42016296444774026,-0.12969782446387573,0.5614035087719298,0.34210526315789475,0.06140350877192982,0.5964912280701755
Ridge_FixedFWD_Resid,0.7598473009664201,0.41624393124489195,1.8254855961356307,-0.054494222409164676,0.42016296444774026,-0.12969782446387573,0.7280701754385965,0.7719298245614035,0.22807017543859648,5.551115123125783e-17
XGB_FixedFWD_ResidStyle,0.36814532770091163,0.41953095755446523,0.8775164766073729,-0.054494222409164676,0.42016296444774026,-0.12969782446387573,0.07894736842105263,0.9736842105263158,0.02631578947368421,0.0
Lasso_FixedFWD_Resid,0.3095827078668117,0.4197202833643866,0.7375929163710269,-0.054494222409164676,0.42016296444774026,-0.12969782446387573,0.21929824561403508,0.9473684210526315,0.05263157894736842,5.551115123125783e-17
ENet_FixedFWD_Resid,0.19224901167116218,0.42000100220752495,0.4577346498239326,-0.054494222409164676,0.42016296444774026,-0.12969782446387573,0.2543859649122807,0.9385964912280702,0.06140350877192982,0.0
LGBM_FixedFWD_ResidStyle,-0.054494222409164676,0.42016296444774026,-0.12969782446387573,-0.054494222409164676,0.42016296444774026,-0.12969782446387573,0.008771929824561403,1.0,0.0,0.0
