model,net_ann_ret,net_ann_vol,net_sharpe,bh_ann_ret,bh_ann_vol,bh_sharpe,turnover_legs_per_day,pct_long,pct_short,pct_flat
ARXGARCH_FixedFWD_Resid,0.9155996455268521,0.26348258732328733,3.4749910983811296,-0.062267073947828995,0.4211817494521071,-0.14783896507583463,0.3898305084745763,0.3728813559322034,0.00847457627118644,0.6186440677966102
ENet_FixedFWD_Resid,0.2590596643357466,0.4204946014571954,0.6160832111470468,-0.062267073947828995,0.4211817494521071,-0.14783896507583463,0.211864406779661,0.9491525423728814,0.05084745762711865,0.0
Lasso_FixedFWD_Resid,-0.07948654959328075,0.42141389754474234,-0.18861871916514453,-0.062267073947828995,0.4211817494521071,-0.14783896507583463,0.1440677966101695,0.9661016949152542,0.03389830508474576,2.0816681711721685e-17
VAR(1)_FixedFWD_CC_AllFeat,-0.35207583784855934,0.6363951400672065,-0.5532346425703036,0.18656689951123603,0.635681862227608,0.2934909906937617,0.8991596638655462,0.6470588235294118,0.35294117647058826,0.0
